51.50316372,-0.12718792
51.51003353,-0.14558787
51.51006898,-0.14563590
51.50912141,-0.14442271
51.50905687,-0.14470710
51.51006697,-0.14570212
51.51008198,-0.14555552
51.50926432,-0.14467601
51.50910699,-0.14466377
51.50263474,-0.14009639
51.50755743,-0.13000801
51.50738317,-0.13030004
51.50595112,-0.14630369
51.51321589,-0.13703867
51.51362526,-0.13733329
51.50227038,-0.12971833
51.50227767,-0.13009669
51.51338017,-0.13727747
51.51336500,-0.13757947
51.50995072,-0.13470766
51.50881262,-0.13206334
51.51015054,-0.13491084
51.50120554,-0.12375486
51.51330859,-0.13770612
51.50996471,-0.14934783
51.50123287,-0.12952471
51.50081587,-0.12956972
51.50029468,-0.13052073
51.50661271,-0.13691009
51.50113958,-0.12670378
51.51214979,-0.12620221
51.50293481,-0.14276292
51.50021514,-0.14176447
51.50412404,-0.13805891
51.50135256,-0.12954541
51.50215228,-0.12930628
51.50411146,-0.14917047
51.50228924,-0.12405770
51.50186117,-0.12949303
51.50240273,-0.12422919
51.50162103,-0.12959504
51.50119582,-0.12530669
51.50165632,-0.12427479
51.50120621,-0.12506881
51.51062546,-0.12546980
51.50161659,-0.12955790
51.50248982,-0.12411838
51.51164579,-0.15040856
51.50991744,-0.13037388
51.51111664,-0.14997253
51.51027367,-0.14721237
51.51009790,-0.12955262
51.50187450,-0.15189249
51.50272250,-0.13867591
51.50205530,-0.15165252
51.50659217,-0.14702696
51.50526632,-0.15083863
51.50237633,-0.15068022
51.50186528,-0.12934349
51.50124200,-0.12834714
51.50088946,-0.14081530
51.50096297,-0.14082603
51.50155498,-0.12686874
51.50199872,-0.12742412
51.51277190,-0.13743044
51.50151601,-0.12809342
51.51058472,-0.12510678
51.51094699,-0.12512807
51.50187693,-0.14428759
51.50032494,-0.13964661
51.50194617,-0.14303123
51.50212126,-0.14678196
51.50179546,-0.14722679
51.50186612,-0.14670351
51.50848740,-0.12466966
51.50512148,-0.14837352
51.50699224,-0.12349628
51.50665772,-0.12861963
51.50880223,-0.15142042
51.50450566,-0.14830336
51.50921277,-0.15037377
51.50210626,-0.12820699
51.50168666,-0.12647621
51.49928642,-0.15190682
51.50330571,-0.14180898
51.50228203,-0.14826522
51.50644213,-0.14278706
51.51250183,-0.15070226
51.50120068,-0.12740342
51.51223613,-0.15052658
51.50186360,-0.12952044
51.51307507,-0.12934492
51.51307742,-0.12903873
51.51294406,-0.13543630
51.50750421,-0.12369300
51.50916659,-0.14468506
51.50882528,-0.14539199
51.51031759,-0.14617151
51.50981292,-0.14548059
51.50733917,-0.14946970
51.51221517,-0.13420248
51.50986212,-0.14681121
51.50944789,-0.14634468
51.50172270,-0.14996943
51.50154459,-0.15000782
51.50180367,-0.15113552
51.50042376,-0.14190797
51.50312248,-0.15018879
51.50305124,-0.15020270
51.50345047,-0.15132487
51.50340160,-0.15130660
51.50307370,-0.15112923
51.50230030,-0.13935903
51.50274362,-0.13483607
51.51284197,-0.14167252
51.50401071,-0.15141623
51.50554292,-0.15184991
51.51315520,-0.12420606
51.51033260,-0.12411227
51.51129308,-0.13734419
51.50031010,-0.14283509
51.51333147,-0.14227769
51.50977897,-0.12806433
51.50976724,-0.12547500
51.51372416,-0.12689749
51.50548492,-0.13111543
51.51331219,-0.12632702
51.50260892,-0.12440538
51.51068153,-0.12501919
51.50261328,-0.12455860
51.50680566,-0.12918231
51.51265480,-0.14480006
51.49949681,-0.12939387
51.50679149,-0.14690869
51.50951276,-0.13461529
51.51345452,-0.13049391
51.50518686,-0.13629830
51.51316618,-0.13119992
51.51289670,-0.13201992
51.51211383,-0.15060578
51.51118168,-0.12775152
51.51092989,-0.12702280
51.51093861,-0.12774280
51.50292433,-0.15170842
51.51278933,-0.12685751
51.50378951,-0.13994308
51.51199020,-0.12695557
51.51253989,-0.12679934
51.51223126,-0.12615309
51.51258347,-0.12631310
51.50560646,-0.14176229
51.50056080,-0.12617162
51.50431431,-0.13971593
51.50466148,-0.13920086
51.50481697,-0.13341048
51.49986242,-0.14260207
51.50065049,-0.14162583
51.50595833,-0.12697267
51.50041680,-0.14135753
51.50494974,-0.13354694
51.50777796,-0.15094961
51.51304263,-0.14333457
51.51301656,-0.14345208
51.50998357,-0.14559450
51.51297189,-0.14337078
51.50120227,-0.13971610
51.50115198,-0.13995549
51.50368390,-0.13604566
51.50410618,-0.13280380
51.50223434,-0.13951653
51.50212772,-0.13940547
51.50152648,-0.13936314
51.51303987,-0.14649463
51.49932263,-0.12959101
51.51351059,-0.14747548
51.50085920,-0.12368948
51.51072336,-0.13396469
51.51354731,-0.12355680
51.51018248,-0.13437624
51.50055443,-0.13246014
51.50050062,-0.13382949
51.50074889,-0.13165791
51.50057572,-0.13177341
51.51160899,-0.13233290
51.51129249,-0.13207641
51.50609077,-0.13967880
51.50541644,-0.13829470
51.51101807,-0.14257039
51.50239979,-0.13948283
51.50850819,-0.13490438
51.50840803,-0.13440021
51.50862168,-0.13458260
51.51332032,-0.13778692
51.50462888,-0.14244759
51.49939614,-0.14289401
51.51329049,-0.13757939
51.50393494,-0.14964874
51.50288310,-0.15017889
51.51351990,-0.13788750
51.50304034,-0.14943106
51.49961030,-0.12955941
51.50164827,-0.12955313
51.50165808,-0.12421838
51.50229234,-0.12419189
51.50132591,-0.12948708
51.50206519,-0.12946252
51.51310969,-0.13876576
51.50311988,-0.12415200
51.50181759,-0.12417932
51.50995516,-0.13012100
51.51022749,-0.14739878
51.50877582,-0.14406371
51.51002381,-0.12967584
51.51028649,-0.14941614
51.51215809,-0.15054502
51.51008449,-0.12976200
51.50205630,-0.12741490
51.50183494,-0.15184010
51.50164861,-0.12679607
51.50083548,-0.14158409
51.50260968,-0.15100091
51.51342828,-0.13738082
51.51123901,-0.12516419
51.51331437,-0.13759422
51.49969160,-0.13220030
51.51087801,-0.12531926
51.51037350,-0.12493487
51.51063149,-0.12515187
51.51121378,-0.12523477
51.51075119,-0.13952851
51.50171239,-0.14290248
51.50471001,-0.14788267
51.50293196,-0.12447101
51.50285217,-0.12447076
51.50284680,-0.12437437
51.50634138,-0.12779360
51.50610099,-0.12770777
51.50207944,-0.12930896
51.51155929,-0.13542959
51.51281993,-0.15086730
51.50154409,-0.12464527
51.50208581,-0.12821269
51.50161692,-0.12685868
51.50119263,-0.12755371
51.51021030,-0.13902241
51.50164199,-0.12780047
51.51304573,-0.13535181
51.51385191,-0.14069729
51.51132292,-0.12516176
51.51188358,-0.15086629
51.51465749,-0.13581583
51.51136826,-0.15057092
51.50080430,-0.12582561
51.51160564,-0.12338270
51.50683189,-0.12310644
51.50590033,-0.14071950
51.51008449,-0.12952672
51.51030183,-0.13016056
51.50743648,-0.15134398
51.50960890,-0.14663536
51.51032782,-0.13021932
51.51035959,-0.13024681
51.51039227,-0.13025193
51.51043318,-0.13022837
51.51046411,-0.13006032
51.51041541,-0.13024287
51.50481169,-0.15117399
51.50546170,-0.15137189
51.50481588,-0.15122822
51.50507999,-0.15029867
51.50532768,-0.15103402
51.51354597,-0.13592178
51.51367052,-0.13552113
51.50803302,-0.14829841
51.50959683,-0.14579826
51.50904229,-0.14511187
51.50880759,-0.14680702
51.50844700,-0.14887769
51.50924169,-0.14733282
51.50771250,-0.14739711
51.50757889,-0.14776189
51.50089432,-0.14853059
51.50314511,-0.15091977
51.50338500,-0.15101826
51.50310832,-0.15113041
51.50624977,-0.12423732
51.50839721,-0.13870860
51.50333169,-0.15088742
51.50264379,-0.13868110
51.51291741,-0.13615580
51.50277723,-0.13881622
51.50874397,-0.13762817
51.50498293,-0.15122663
51.51007359,-0.12476924
51.50700188,-0.12867764
51.51042010,-0.12379350
51.51026889,-0.12365579
51.50983756,-0.13186787
51.51100608,-0.12703998
51.51111287,-0.12584690
51.51320130,-0.15157037
51.50556103,-0.14461591
51.50029552,-0.12754172
51.49962614,-0.15133476
51.50552189,-0.15108137
51.50123437,-0.12754709
51.50539280,-0.12714702
51.50921529,-0.13337033
51.50165087,-0.12423498
51.50135809,-0.12969922
51.50642948,-0.12803868
51.50182329,-0.12955262
51.50143772,-0.12794263
51.50206410,-0.12944567
51.50293012,-0.12420329
51.50665663,-0.12808009
51.51092209,-0.14593212
51.51132627,-0.14612918
51.50292953,-0.12404278
51.50188707,-0.12961800
51.51181041,-0.14394888
51.50881472,-0.12409399
51.50265628,-0.14118033
51.50786438,-0.12430429
51.51183061,-0.12714643
51.50770059,-0.12454041
51.50522248,-0.13748433
51.50297111,-0.14120372
51.50223258,-0.15171438
51.50430307,-0.14034390
51.51117992,-0.12839726
51.50933850,-0.13560813
51.51260392,-0.12700084
51.51275069,-0.12685650
51.51243226,-0.12699279
51.50119280,-0.12755320
51.50021388,-0.14306677
51.51005499,-0.13352330
51.49973552,-0.14248414
51.50632487,-0.13194800
51.49968741,-0.14258548
51.50867172,-0.14542602
51.50868513,-0.14557463
51.50873366,-0.14555393
51.50869703,-0.14549232
51.51040359,-0.12771782
51.50876836,-0.14540372
51.50796622,-0.14968243
51.50872428,-0.14542619
51.51331370,-0.14869664
51.49970602,-0.12874201
51.49933260,-0.12938549
51.51075211,-0.14825542
51.51244777,-0.12618327
51.51253050,-0.12700109
51.51274290,-0.12647018
51.51007996,-0.13490606
51.50245512,-0.13955508
51.50460708,-0.14216739
51.50559053,-0.12670244
51.50206452,-0.12611244
51.50680834,-0.14682462
51.50634197,-0.12870002
51.50693700,-0.12491190
51.51172148,-0.13724562
51.50304830,-0.14927256
51.51297139,-0.12693018
51.51364211,-0.13748668
51.50309876,-0.14926602
51.50311770,-0.15089454
51.50878111,-0.14436948
51.50808381,-0.12419298
51.50190937,-0.15006356
51.51365057,-0.13936657
51.49964232,-0.13057262
51.50113807,-0.14397536
51.51377077,-0.13946322
51.51120624,-0.15003112
51.51089754,-0.12972831
51.51075513,-0.13404398
51.50996673,-0.14702864
51.50585020,-0.14919704
51.50259593,-0.15059330
51.51294532,-0.12588562
51.50249853,-0.15100962
51.51256553,-0.12680436
51.50210567,-0.12820833
51.51256528,-0.12700402
51.51328261,-0.13768449
51.51244056,-0.12667713
51.51326232,-0.13766840
51.50126991,-0.12819199
51.51347212,-0.13790561
51.50168691,-0.14367831
51.49964810,-0.13385933
51.51047291,-0.12504660
51.50150561,-0.12679523
51.51117431,-0.13538433
51.51102972,-0.12557373
51.51155627,-0.13461839
51.50197500,-0.12642978
51.50134678,-0.12942681
51.50166520,-0.14719619
51.50902284,-0.15000639
51.50975986,-0.12954994
51.50153763,-0.14747967
51.51079394,-0.13942550
51.50781383,-0.12314558
51.50968652,-0.13002159
51.50948418,-0.12950661
51.49955623,-0.14840973
51.50773664,-0.12322906
51.50780738,-0.12316888
51.50959046,-0.13438144
51.50253323,-0.12455014
51.50253323,-0.12418100
51.50125181,-0.12783366
51.50099641,-0.14077230
51.50312827,-0.12619173
51.50166780,-0.12679338
51.50116514,-0.12529470
51.49958716,-0.14320783
51.50182278,-0.12952664
51.50074931,-0.14090113
51.50193477,-0.13123839
51.50139757,-0.12956469
51.50299667,-0.12403180
51.50896157,-0.15149427
51.50080941,-0.14084741
51.51150321,-0.15144196
51.51176573,-0.15157524
51.51097817,-0.12582066
51.50834977,-0.14621082
51.51089930,-0.15113443
51.51109267,-0.15123267
51.49825771,-0.12572486
51.51075027,-0.14676796
51.51030494,-0.13005319
51.51039672,-0.12997323
51.51043066,-0.12999326
51.51033033,-0.13000164
51.51036101,-0.12997683
51.51046847,-0.13014933
51.50216192,-0.12772000
51.50992901,-0.14028917
51.50517949,-0.15033999
51.51006303,-0.13966447
51.50472359,-0.15156560
51.50498142,-0.15109252
51.50503004,-0.15033664
51.50886283,-0.12467218
51.50984326,-0.14374629
51.50219997,-0.14991302
51.50886811,-0.14412439
51.50930841,-0.14318462
51.50055561,-0.14128729
51.50054102,-0.14089418
51.50061571,-0.14112644
51.50343764,-0.15138756
51.50513783,-0.12730728
51.50194482,-0.14169498
51.50118333,-0.12740627
51.51086141,-0.14263409
51.50155004,-0.12542412
51.49922750,-0.14391158
51.50791282,-0.12419969
51.49978749,-0.14305763
51.50774301,-0.12448409
51.49958381,-0.14340699
51.50766581,-0.12458601
51.49868351,-0.14610990
51.49889038,-0.14687659
51.50782766,-0.12436070
51.49935431,-0.14469981
51.49923529,-0.15101641
51.49933487,-0.15084869
51.50540622,-0.13116614
51.50132892,-0.14588409
51.50531510,-0.14686067
51.50253189,-0.14948831
51.50491923,-0.14616136
51.50208983,-0.15033564
51.50161743,-0.14642489
51.50139296,-0.14627041
51.50863492,-0.12384824
51.51124932,-0.14651642
51.51116668,-0.14695128
51.51079461,-0.14199371
51.51103324,-0.14134211
51.51145569,-0.14177520
51.51169633,-0.14114438
51.51199959,-0.14147379
51.51123709,-0.14078094
51.51156230,-0.14102141
51.50480180,-0.13834801
51.50508234,-0.13867524
51.50519583,-0.13968911
51.50207751,-0.15154732
51.50579589,-0.14753658
51.51264868,-0.12715037
51.49973946,-0.15113410
51.50111753,-0.15171220
51.51278497,-0.12887813
51.50749021,-0.13270891
51.50996287,-0.13440683
51.50963489,-0.13462493
51.51382240,-0.15148362
51.51009757,-0.14686310
51.50744109,-0.13721938
51.50961259,-0.14595542
51.51003277,-0.14898464
51.50921017,-0.14468799
51.50884238,-0.14556088
51.50928528,-0.14408131
51.50915678,-0.14464122
51.50912250,-0.14470601
51.50902963,-0.12443271
51.50853459,-0.12463546
51.50879720,-0.12414009
51.51378477,-0.15186223
51.50881321,-0.14414786
51.50648019,-0.14672706
51.51192382,-0.12377221
51.50121753,-0.13073187
51.50809270,-0.12385670
51.50701831,-0.12535891
51.50716323,-0.12527869
51.50786589,-0.12566694
51.50743832,-0.12486169
51.50730472,-0.12731876
51.50764871,-0.12604564
51.50728133,-0.12805251
51.50712853,-0.12776619
51.51040577,-0.12559771
51.50203870,-0.12806701
51.51067852,-0.12457528
51.50632831,-0.14772962
51.50235160,-0.12491919
51.50015076,-0.12773551
51.50110462,-0.12791019
51.50045838,-0.12582561
51.49991238,-0.12841268
51.50065217,-0.12789686
51.50061629,-0.12843498
51.51187562,-0.12564397
51.50054932,-0.12582561
51.50558659,-0.13935853
51.50425597,-0.14179850
51.50824240,-0.13920631
51.50897221,-0.14502411
51.50959013,-0.14590974
51.50969264,-0.14576532
51.50856318,-0.13911143
51.50892896,-0.13927773
51.50847097,-0.13902032
51.50833871,-0.13889660
51.50094914,-0.14132517
51.50174391,-0.14218348
51.50048160,-0.14204401
51.50047690,-0.14118587
51.49992923,-0.14289184
51.51087130,-0.12841520
51.51093307,-0.12964181
51.51104179,-0.12934458
51.51282856,-0.12614412
51.51288530,-0.12598948
51.51261247,-0.12653430
51.50209637,-0.12805914
51.50730178,-0.15073034
51.50152590,-0.12684443
51.50747814,-0.15077317
51.50198363,-0.12656808
51.51059369,-0.12507987
51.51014652,-0.12553300
51.50116824,-0.12655953
51.50217332,-0.12929387
51.50199470,-0.12642659
51.51102628,-0.12520191
51.50214767,-0.12889707
51.50203443,-0.14713517
51.50895738,-0.14998066
51.50213501,-0.14007124
51.50811659,-0.12618058
51.50132591,-0.14658574
51.50992004,-0.13556932
51.50357762,-0.14981294
51.50192882,-0.12474728
51.50190987,-0.12426591
51.50200350,-0.12479279
51.50320789,-0.12794573
51.50026233,-0.15029079
51.50881396,-0.12310736
51.50476014,-0.12644109
51.50303120,-0.12365269
51.51270149,-0.14627620
51.50183552,-0.12482121
51.49910638,-0.15093980
51.50674950,-0.14292872
51.50649729,-0.14034458
51.51277290,-0.13948007
51.51194754,-0.13847072
51.51328956,-0.14018741
51.50586370,-0.13134107
51.50384953,-0.13619050
51.50431037,-0.12558681
51.50674590,-0.15052792
51.51095529,-0.12541674
51.50777377,-0.12703336
51.50029552,-0.12960241
51.51270199,-0.13832051
51.51096618,-0.13877741
51.51396372,-0.14144327
51.51305303,-0.14068270
51.51072772,-0.12524223
51.51034810,-0.13828053
51.51046654,-0.13742927
51.50484312,-0.12583081
51.50053734,-0.14163991
51.50033659,-0.14144336
51.50300497,-0.13780100
51.49979478,-0.14217108
51.49989176,-0.14229848
51.50015160,-0.14167478
51.50685687,-0.12375612
51.50032326,-0.14101722
51.50043013,-0.14114304
51.50599898,-0.14165207
51.51314950,-0.13504679
51.50974108,-0.14679110
51.50790277,-0.12422391
51.50780428,-0.12438753
51.50792816,-0.12417831
51.50892351,-0.12323594
51.50951393,-0.12413951
51.51076150,-0.12550249
51.51076728,-0.12543283
51.51368066,-0.12702422
51.51085831,-0.12700503
51.50644247,-0.14697718
51.50187500,-0.12957727
51.50159790,-0.12745690
51.50133278,-0.12965513
51.49973670,-0.14785820
51.50304881,-0.12392577
51.50210986,-0.12941843
51.49915960,-0.14654500
51.50296700,-0.12553702
51.50698268,-0.12865509
51.50689032,-0.12864629
51.50704320,-0.12907326
51.50284546,-0.12996619
51.50309097,-0.13039157
51.50900063,-0.12308674
51.50996840,-0.13043147
51.50253173,-0.14985519
51.50265360,-0.14951706
51.50341593,-0.14093827
51.50075811,-0.12872256
51.50041161,-0.13908729
51.50049140,-0.13837961
51.50216980,-0.14102267
51.50709534,-0.14209321
51.50541544,-0.14446244
51.50180988,-0.14000670
51.50176369,-0.14001500
51.50201959,-0.14008448
51.51396171,-0.14999148
51.51122669,-0.12878962
51.50348726,-0.15026732
51.50958418,-0.14585752
51.51069863,-0.12696379
51.50873852,-0.12500251
51.50183863,-0.13928460
51.50780746,-0.12335412
51.50175036,-0.14029261
51.50315668,-0.14052018
51.51511330,-0.14204250
51.51050769,-0.12510309
51.50822949,-0.12444771
51.51224300,-0.12309043
51.50054941,-0.12617740
51.50619302,-0.14666487
51.50718117,-0.14358234
51.51007829,-0.14677601
51.50199528,-0.13098341
51.50971921,-0.14581108
51.50043130,-0.13891236
51.50752868,-0.12770232
51.51066879,-0.13558374
51.51032497,-0.13522826
51.49970518,-0.12869641
51.50772582,-0.13116270
51.50234640,-0.12418619
51.50749918,-0.12866138
51.50198288,-0.12422400
51.50254120,-0.15009826
51.50200962,-0.12496211
51.51312377,-0.14970381
51.50956791,-0.12333199
51.51191962,-0.12549830
51.50035788,-0.12489589
51.51226856,-0.12591211
51.50031731,-0.12562377
51.50056097,-0.12486077
51.50179923,-0.15181714
51.50301754,-0.13905980
51.50248680,-0.14378350
51.50639318,-0.12741893
51.50077471,-0.14919670
51.50069106,-0.14913602
51.50965676,-0.14574881
51.50820158,-0.13917052
51.51004149,-0.14562023
51.50697019,-0.12916982
51.50934470,-0.13751384
51.50892997,-0.13705803
51.50989900,-0.13510706
51.51004216,-0.13490824
51.50327411,-0.14148342
51.50589387,-0.14218256
51.50449854,-0.14187553
51.51060677,-0.13082231
51.50738971,-0.12730460
51.50737839,-0.12710201
51.50728368,-0.12717007
51.50723984,-0.12666439
51.50734294,-0.12827841
51.50703574,-0.12797423
51.50709240,-0.12808386
51.50054932,-0.12594371
51.50045997,-0.12594363
51.50770680,-0.12721013
51.50762398,-0.12741180
51.51281397,-0.12612627
51.51278380,-0.12608922
51.50326883,-0.15051367
51.51268003,-0.12643120
51.51261147,-0.12665961
51.51061582,-0.12473772
51.51089410,-0.12479229
51.51122049,-0.12511097
51.51113181,-0.12554012
51.51039538,-0.12501047
51.51077197,-0.12510921
51.50891027,-0.15058726
51.50909291,-0.15048819
51.50294244,-0.12417127
51.50974519,-0.14921858
51.50286843,-0.14246000
51.50504596,-0.15064644
51.50520832,-0.15056639
51.50452788,-0.15098683
51.51194703,-0.14895279
51.50421322,-0.12561799
51.51021307,-0.14802391
51.50427734,-0.12558128
51.50963304,-0.12340341
51.50586672,-0.12684879
51.51319384,-0.14275588
51.51288396,-0.14265287
51.50604760,-0.15154799
51.49870849,-0.14729502
51.50332742,-0.12910889
51.50096557,-0.14711883
51.50183888,-0.14801603
51.51311849,-0.14587370
51.50147787,-0.14805090
51.51111664,-0.15072900
51.51277542,-0.13528660
51.50266793,-0.12763811
51.50166688,-0.12676933
51.50130973,-0.12943276
51.50498720,-0.14622758
51.50556430,-0.13691688
51.50214641,-0.14184787
51.51073627,-0.12575973
51.51074716,-0.12565873
51.51238801,-0.13901873
51.50524436,-0.15083084
51.50178196,-0.12426574
51.50161508,-0.12953360
51.50251664,-0.12622300
51.50093187,-0.14057877
51.50271336,-0.12616256
51.50247942,-0.12614379
51.49962983,-0.14436487
51.49960309,-0.14511170
51.50292777,-0.12389434
51.50447457,-0.13920086
51.50452134,-0.13906684
51.50477833,-0.14184133
51.50069860,-0.13885729
51.51324397,-0.14748302
51.50322558,-0.14101253
51.50351199,-0.13984401
51.50671010,-0.14291212
51.50573906,-0.14480366
51.50660608,-0.13400719
51.51001777,-0.13769866
51.51335771,-0.15030110
51.50982172,-0.13619746
51.51016772,-0.13478360
51.50859813,-0.14149868
51.50290908,-0.12993861
51.50925628,-0.12350190
51.50835430,-0.12431771
51.50903047,-0.12320610
51.51005893,-0.13120101
51.50214272,-0.12388914
51.50183661,-0.12486228
51.50895821,-0.13314402
51.50928519,-0.12393222
51.50204658,-0.13753949
51.50267128,-0.13733321
51.51002850,-0.13998960
51.50957831,-0.14124488
51.51227343,-0.14070810
51.50127251,-0.12817372
51.50123823,-0.12817816
51.51136240,-0.14086593
51.50457624,-0.14239160
51.50518233,-0.14372952
51.50280053,-0.13875947
51.51018692,-0.14649957
51.51139701,-0.14433662
51.50905662,-0.14445079
51.50067438,-0.12562377
51.50318694,-0.14144151
51.50386470,-0.13991844
51.50948032,-0.14401769
51.50213610,-0.15171312
51.51332778,-0.12964608
51.50050062,-0.13379848
51.51339727,-0.13797719
51.50657591,-0.12658694
51.50608272,-0.12650102
51.50623686,-0.12662441
51.51260887,-0.12518892
51.50463617,-0.12931181
51.49781330,-0.13398330
51.50797711,-0.14266997
51.50215077,-0.15014537
51.50247850,-0.15029004
51.50334913,-0.14231457
51.50299072,-0.15171622
51.49971666,-0.14212313
51.50993747,-0.13503741
51.50977218,-0.13790041
51.50996429,-0.13498678
51.50903298,-0.13673893
51.50780947,-0.12714911
51.50788961,-0.12704853
51.51056469,-0.12505104
51.50763983,-0.12706093
51.50752172,-0.12716386
51.51066293,-0.12478449
51.51050929,-0.12503042
51.50206502,-0.14195248
51.50773043,-0.13105801
51.51421652,-0.15024603
51.51433512,-0.14919863
51.50113228,-0.12658551
51.50204700,-0.12726688
51.50215370,-0.12929706
51.50159723,-0.12814706
51.50143194,-0.12651712
51.50894430,-0.14498689
51.50019778,-0.14137806
51.50924236,-0.12729462
51.51070827,-0.12886531
51.50287849,-0.14944053
51.51215298,-0.15099940
51.50201263,-0.12610808
51.50196377,-0.12533711
51.50757973,-0.13099079
51.51251977,-0.15060243
51.51346198,-0.14402859
51.50246576,-0.14153782
51.51275497,-0.12373022
51.50432956,-0.12919446
51.50241773,-0.14203311
51.50954780,-0.14918279
51.50228153,-0.14218943
51.50516498,-0.13742616
51.50543614,-0.13729448
51.50520103,-0.13806696
51.51208399,-0.13815447
51.50371550,-0.13607014
51.50490364,-0.12484208
51.51495832,-0.13339346
51.51251901,-0.13718527
51.51271808,-0.12707418
51.51285999,-0.12704861
51.50314050,-0.13793176
51.51301858,-0.13766170
51.50752583,-0.12974281
51.51143792,-0.15031971
51.50535676,-0.12741893
51.50787158,-0.12329042
51.51380119,-0.12946470
51.50541024,-0.12701551
51.51277374,-0.14246402
51.51162366,-0.15022650
51.50652277,-0.12865668
51.50539591,-0.15079899
51.51154998,-0.15026892
51.50478386,-0.15122051
51.50500816,-0.15059179
51.50750630,-0.12718180
51.50689191,-0.12869951
51.51110172,-0.14104279
51.50249359,-0.12418971
51.49926647,-0.14748923
51.51088907,-0.12668719
51.50266584,-0.12609174
51.50213769,-0.12930653
51.50251991,-0.12608897
51.50207290,-0.12959152
51.50598884,-0.12749319
51.50657440,-0.12867227
51.50615271,-0.14404871
51.51299402,-0.14694591
51.50605816,-0.12751029
51.51376482,-0.14873821
51.51373230,-0.14890091
51.50602622,-0.12777641
51.51028247,-0.14666864
51.51290777,-0.14690509
51.50294051,-0.12414470
51.50120462,-0.13937336
51.50700640,-0.12877244
51.50669518,-0.12852089
51.50198112,-0.12414018
51.50680432,-0.12805469
51.51239471,-0.14552141
51.51150019,-0.13049249
51.51245464,-0.14939309
51.51150606,-0.14270031
51.51219824,-0.14180638
51.51228960,-0.14444039
51.51214979,-0.14488539
51.51121169,-0.13129078
51.51194192,-0.12929513
51.50295694,-0.15170029
51.51323273,-0.15092991
51.51285471,-0.13098878
51.51311312,-0.13025151
51.50108886,-0.12753166
51.50123982,-0.13400903
51.50094696,-0.13387090
51.51256419,-0.13178959
51.50145960,-0.12373709
51.51281037,-0.12788077
51.50214767,-0.13118399
51.50294051,-0.12982110
51.50318090,-0.12967517
51.50276424,-0.12987256
51.51415550,-0.14831157
51.51322578,-0.13746380
51.51438223,-0.14420964
51.50965768,-0.13293020
51.51445934,-0.14375090
51.50943012,-0.13268670
51.51469739,-0.14374604
51.51059864,-0.14238993
51.50481856,-0.15178663
51.50159689,-0.13072852
51.50481043,-0.15050093
51.50509240,-0.15066991
51.50533019,-0.15136736
51.50498679,-0.15049431
51.50270263,-0.13730220
51.51253016,-0.12651678
51.50727940,-0.13772171
51.50971099,-0.14593648
51.50327034,-0.15072472
51.50325819,-0.14427787
51.50843904,-0.13647767
51.50690456,-0.13602949
51.50724479,-0.14005532
51.50757864,-0.13905527
51.50818088,-0.13623308
51.49965036,-0.14752544
51.50785876,-0.13821599
51.50741150,-0.13462996
51.50200752,-0.15149041
51.50483524,-0.14174569
51.50265502,-0.14818719
51.50064881,-0.12959168
51.49931551,-0.12982462
51.49878133,-0.13207449
51.50115776,-0.13177307
51.51176163,-0.12600381
51.50938460,-0.13564954
51.50577619,-0.13954989
51.50868849,-0.13780612
51.50815280,-0.13733497
51.50552993,-0.13796210
51.50210333,-0.14979341
51.50805733,-0.14485530
51.50738493,-0.13179470
51.50894682,-0.14179238
51.51272764,-0.12997767
51.51246177,-0.13071368
51.51217309,-0.13149748
51.51029580,-0.13220843
51.50955953,-0.13160074
51.50841599,-0.13172102
51.51220134,-0.12983124
51.50891689,-0.13851916
51.51144563,-0.13306732
51.50121954,-0.12655132
51.50715594,-0.13114720
51.51093081,-0.12554314
51.50326430,-0.12836583
51.51357237,-0.13744041
51.50518594,-0.12692959
51.51336173,-0.13721569
51.51330163,-0.13721913
51.50201163,-0.14239244
51.50206502,-0.14243527
51.50212881,-0.12889883
51.50190074,-0.12644176
51.50213979,-0.12905784
51.50118341,-0.12740568
51.50215932,-0.12905558
51.50185547,-0.12776359
51.51344949,-0.12739847
51.50665789,-0.14302846
51.50715418,-0.12758103
51.51379700,-0.14132249
51.50944068,-0.12623993
51.50266584,-0.12622568
51.51401066,-0.15061190
51.50323346,-0.12619969
51.50212889,-0.12938381
51.50315928,-0.12361078
51.50086716,-0.12396768
51.50196000,-0.12384371
51.50459979,-0.12308867
51.50289223,-0.14974614
51.49848293,-0.14726199
51.50160452,-0.12966737
51.50893014,-0.15048416
51.50927580,-0.15012726
51.50839839,-0.12746251
51.50514294,-0.15065976
51.51109577,-0.12919673
51.51157613,-0.13932299
51.51258004,-0.13040590
51.51195969,-0.12959470
51.51138687,-0.13214548
51.51105738,-0.15137910
51.51099233,-0.15147113
51.51041876,-0.13663273
51.51077457,-0.13684957
51.50516582,-0.15092790
51.51090634,-0.12866456
51.51339870,-0.12888492
51.50181231,-0.12758992
51.51123792,-0.13981777
51.51249068,-0.14016244
51.50103162,-0.12435257
51.50105903,-0.12547097
51.51142467,-0.13918754
51.50643929,-0.14347119
51.50153202,-0.12434193
51.50691974,-0.12863749
51.50669351,-0.12853732
51.50587267,-0.14455698
51.50525082,-0.15096403
51.50676551,-0.12914132
51.50198430,-0.12426213
51.51090843,-0.12665173
51.50293171,-0.12414579
51.50317051,-0.12551581
51.50177836,-0.12418804
51.50746221,-0.13863383
51.50239552,-0.12403314
51.51043712,-0.12415342
51.50294093,-0.12419902
51.50058872,-0.13860659
51.50139103,-0.14008331
51.50757478,-0.12874628
51.50165171,-0.12957383
51.50234682,-0.12423431
51.50842110,-0.12754063
51.51050862,-0.14261448
51.51110398,-0.14323130
51.51002573,-0.14564873
51.51214258,-0.13000567
51.51012037,-0.14304640
51.51196229,-0.13131458
51.51171527,-0.13115373
51.51212917,-0.13088551
51.50774150,-0.14060232
51.50663810,-0.13391281
51.50632152,-0.13915854
51.50595431,-0.13882762
51.50046534,-0.12616734
51.50172421,-0.13490883
51.50201959,-0.13508728
51.51128847,-0.12803919
51.51018222,-0.13422512
51.51265078,-0.13457078
51.51290752,-0.13482509
51.51247711,-0.13500262
51.50364258,-0.12960954
51.50367083,-0.14180504
51.51281146,-0.14087993
51.50580452,-0.12747743
51.51398107,-0.14155434
51.51386599,-0.14186572
51.51485111,-0.14229479
51.49984583,-0.14986591
51.50619747,-0.12959369
51.50498100,-0.15104072
51.51502738,-0.13156478
51.51479671,-0.13233248
51.50518233,-0.15062163
51.50192622,-0.14277373
51.50163637,-0.14244910
51.50477179,-0.15151128
51.50471756,-0.15111197
51.50254271,-0.13983252
51.50630258,-0.12958892
51.50188607,-0.14284884
51.50395481,-0.14000586
51.50580251,-0.14063618
51.50945618,-0.13713347
51.50291930,-0.14130984
51.50073817,-0.12843104
51.51054533,-0.12523997
51.50911244,-0.13120411
51.51236982,-0.14983012
51.51051163,-0.12560206
51.50598348,-0.14693904
51.51295211,-0.15012139
51.50125441,-0.12986862
51.50695704,-0.13419410
51.50655420,-0.13708636
51.50815473,-0.12408452
51.50919903,-0.13431623
51.50628171,-0.13789320
51.49935423,-0.14755997
51.49942698,-0.14758604
51.49969261,-0.13198547
51.50687556,-0.12941491
51.51385308,-0.12502656
51.50900046,-0.13664262
51.50139682,-0.15122881
51.50769003,-0.13872159
51.50786412,-0.14294540
51.50263566,-0.14282160
51.50994661,-0.14672832
51.51516652,-0.12683731
51.50272342,-0.15017286
51.50628984,-0.12577222
51.50964486,-0.14597730
51.50616972,-0.13651907
51.51134144,-0.13438228
51.51183572,-0.13334024
51.50790042,-0.13321401
51.51021441,-0.12692649
51.51035774,-0.14725353
51.50979423,-0.13488360
51.50308887,-0.12618947
51.51353540,-0.14350656
51.51370388,-0.14124647
51.50043449,-0.14090122
51.51271524,-0.13740781
51.50169027,-0.12814321
51.50203879,-0.12806844
51.50139807,-0.12941860
51.50480959,-0.14599842
51.51108118,-0.12363777
51.51348763,-0.14373438
51.50616620,-0.13179629
51.51183421,-0.13747796
51.50650709,-0.12517576
51.51169633,-0.13732667
51.51151453,-0.13757209
51.51166163,-0.13744326
51.49930293,-0.12883597
51.50749926,-0.12742597
51.50688897,-0.13843149
51.50679987,-0.13835672
51.50794677,-0.13698243
51.50716851,-0.13762708
51.50844809,-0.13545164
51.50196033,-0.12900663
51.50186796,-0.14173488
51.50812933,-0.12887989
51.51029957,-0.14661650
51.50744821,-0.12732773
51.50934261,-0.13062559
51.50893651,-0.12964633
51.50877926,-0.12316897
51.51110557,-0.14602114
51.50923960,-0.15082112
51.50910548,-0.15028836
51.50907573,-0.15033321
51.50295962,-0.14919352
51.50169412,-0.13889727
51.50892092,-0.12343400
51.51344320,-0.13733128
51.51171293,-0.12351413
51.50943833,-0.13358767
51.51330172,-0.12908139
51.50525224,-0.15075699
51.50300757,-0.14191786
51.51199439,-0.13969707
51.51224132,-0.13786990
51.50726842,-0.15077728
51.50748669,-0.15085112
51.50280908,-0.14266653
51.50737026,-0.13886559
51.50260062,-0.12973652
51.50700423,-0.15193373
51.51331286,-0.13717747
51.50769246,-0.15167791
51.50206712,-0.14977363
51.51251549,-0.14522192
51.50690230,-0.14250359
51.49949220,-0.14189959
51.50667591,-0.12668090
51.51353214,-0.13746539
51.50674112,-0.12882700
51.50703482,-0.12909581
51.50652621,-0.12867403
51.50689249,-0.12868216
51.50404751,-0.13135540
51.50549506,-0.13427390
51.50531041,-0.13369278
51.50522248,-0.13399553
51.50558391,-0.13404138
51.50572230,-0.13121534
51.50879502,-0.12308624
51.50222486,-0.15097509
51.50792481,-0.12558832
51.50817928,-0.12886841
51.50184969,-0.12955438
51.50892603,-0.12342369
51.50861866,-0.12386902
51.50176780,-0.13086112
51.51327531,-0.15122982
51.50829923,-0.12433866
51.50654800,-0.15165327
51.50582296,-0.12708399
51.50117620,-0.14358326
51.50125826,-0.14368569
51.50583453,-0.12698960
51.50105131,-0.14387880
51.49997164,-0.14279008
51.50112474,-0.14369641
51.50565222,-0.12702112
51.50473591,-0.14223377
51.50467758,-0.14215549
51.50560998,-0.14136951
51.50486131,-0.14646613
51.50456048,-0.14226177
51.50464388,-0.14191367
51.50560411,-0.12737299
51.50685260,-0.14660317
51.50983563,-0.14688833
51.51017812,-0.14716577
51.50661313,-0.12731859
51.50147728,-0.15108934
51.50271051,-0.13874866
51.51102737,-0.12479346
51.50645177,-0.12969411
51.50394232,-0.13301066
51.50098719,-0.12615426
51.51321362,-0.12410338
51.49937527,-0.12947509
51.50637491,-0.12942220
51.50325416,-0.14128067
51.50942752,-0.14639312
51.50559724,-0.13179830
51.51212423,-0.14811577
51.51423161,-0.14914474
51.51363884,-0.14885531
51.51303769,-0.14856177
51.50253248,-0.14140916
51.49941927,-0.12956721
51.50017432,-0.14065546
51.50032527,-0.14089409
51.50020860,-0.14078094
51.50318786,-0.15127441
51.50369983,-0.13167752
51.50410518,-0.13129740
51.50200333,-0.12656489
51.50235001,-0.13634708
51.50161064,-0.12938440
51.50114167,-0.13936666
51.50142104,-0.12680881
51.50147561,-0.12721860
51.51125687,-0.12384019
51.50794769,-0.14411199
51.51168158,-0.12432927
51.51183321,-0.12722690
51.50692200,-0.12867219
51.51113826,-0.14986860
51.51155568,-0.14783833
51.51224861,-0.15046027
51.50033190,-0.14095059
51.50013207,-0.14085637
51.51177294,-0.13684278
51.51175308,-0.13713414
51.51167730,-0.13706817
51.51187470,-0.13736900
51.50756263,-0.12873874
51.50123270,-0.12819802
51.50155691,-0.12747601
51.50144979,-0.12680420
51.50064722,-0.13863349
51.50889560,-0.15089471
51.50573931,-0.13098434
51.50426401,-0.12965111
51.50521326,-0.13009024
51.51008030,-0.13338231
51.51028121,-0.13228814
51.49953050,-0.13559313
51.50657977,-0.13940446
51.51021257,-0.13432276
51.50716323,-0.13244153
51.50921537,-0.13246860
51.51133507,-0.12840372
51.51186137,-0.12844160
51.51314984,-0.12915138
51.51101254,-0.13188078
51.51010662,-0.13379764
51.50746758,-0.14130606
51.50915091,-0.15051308
51.50914882,-0.15027612
51.49950519,-0.14758604
51.51126969,-0.14523022
51.51168543,-0.14257039
51.51145929,-0.14283400
51.50913750,-0.15158144
51.51136173,-0.13578658
51.50945006,-0.15020287
51.51015389,-0.13760612
51.51172349,-0.12936336
51.51451810,-0.14166590
51.50692468,-0.14075747
51.50718896,-0.14000226
51.51357539,-0.12867018
51.51338168,-0.12885047
51.51018843,-0.14360857
51.50174668,-0.12717501
51.51025020,-0.14341034
51.50646368,-0.13929390
51.50723473,-0.12802117
51.50545198,-0.14034122
51.50604039,-0.13890523
51.50584870,-0.13071897
51.50750991,-0.12779846
51.50587543,-0.13326958
51.50746682,-0.12735380
51.50299399,-0.14255757
51.50739851,-0.12730678
51.50285753,-0.14228272
51.50987201,-0.14429891
51.50161240,-0.12464678
51.50532868,-0.15056924
51.50728183,-0.14945017
51.50744679,-0.14950616
51.50844491,-0.12725808
51.49960309,-0.14831317
51.50701101,-0.12875693
51.50720581,-0.12799024
51.49913831,-0.14603010
51.50685964,-0.12867764
51.50680457,-0.12959898
51.50702359,-0.12985638
51.50653082,-0.12906287
51.50177492,-0.12321817
51.51250921,-0.13858882
51.50166294,-0.12322580
51.50742726,-0.12726503
51.50718318,-0.13008529
51.50710062,-0.12909698
51.50721159,-0.12987826
51.50750940,-0.12882901
51.50675813,-0.12891451
51.50648824,-0.12866314
51.51296418,-0.14686058
51.51366767,-0.14730700
51.51350121,-0.15065792
51.51384947,-0.15082438
51.51391343,-0.14909319
51.51360791,-0.14983138
51.51376172,-0.14899353
51.51455967,-0.14442279
51.50881363,-0.13301712
51.50786496,-0.13211128
51.50816738,-0.13242158
51.50935753,-0.14874618
51.50961393,-0.14902940
51.50951771,-0.14925261
51.50204247,-0.14771076
51.50630928,-0.12786233
51.50531561,-0.12897813
51.50062711,-0.12493218
51.50536372,-0.12908961
51.50611700,-0.12938146
51.50470230,-0.14242798
51.50566589,-0.14115158
51.49961994,-0.12879993
51.51007971,-0.13511133
51.50992540,-0.12539587
51.51038163,-0.12424487
51.50996857,-0.13507789
51.50762281,-0.13007054
51.50866401,-0.13902518
51.50856703,-0.13928778
51.50861263,-0.13916440
51.50883207,-0.13954033
51.49862140,-0.15120124
51.50994644,-0.13533329
51.51202666,-0.12666380
51.50488344,-0.13347871
51.50736766,-0.13643350
51.50642319,-0.13564291
51.50763228,-0.13571341
51.50611993,-0.13534619
51.50307278,-0.13786638
51.50785868,-0.13504512
51.50503196,-0.13997938
51.51279461,-0.12714987
51.51162383,-0.12868317
51.50998609,-0.13513723
51.51114991,-0.12790550
51.50626368,-0.14274473
51.50301260,-0.15033647
51.50634524,-0.12763342
51.50489802,-0.13349371
51.50605129,-0.12715280
51.50621163,-0.12733301
51.50603000,-0.12725581
51.50616888,-0.12754759
51.51523349,-0.14179506
51.51089318,-0.14751487
51.50861531,-0.14993993
51.51253008,-0.14590278
51.51245221,-0.13880080
51.51117229,-0.13283808
51.50685310,-0.14228021
51.51237191,-0.12676572
51.50254128,-0.13538668
51.50528283,-0.13115080
51.50570067,-0.13125440
51.50214859,-0.12889699
51.50303531,-0.13448814
51.50917598,-0.14115477
51.51136801,-0.12396810
51.51150019,-0.12412040
51.51174830,-0.12355738
51.50905016,-0.13668562
51.50855018,-0.13625312
51.51155049,-0.13930011
51.51130590,-0.14007384
51.50100924,-0.12722698
51.50419319,-0.13101292
51.51200772,-0.15070922
51.50167769,-0.15108858
51.49827481,-0.14694591
51.50462980,-0.14911959
51.50446049,-0.14956752
51.50543639,-0.14663117
51.50547369,-0.14634342
51.50423753,-0.13774778
51.50430433,-0.13781223
51.50618598,-0.14670602
51.50128492,-0.12903580
51.50852596,-0.12724626
51.50806621,-0.12714978
51.50794576,-0.12649901
51.50212847,-0.12889816
51.51017250,-0.12836901
51.50942869,-0.12741222
51.50598943,-0.15078633
51.50769657,-0.14638038
51.50586362,-0.15068382
51.50790947,-0.12433648
51.50857047,-0.12552680
51.50922920,-0.15090519
51.51415139,-0.14891298
51.50965877,-0.14930190
51.51091631,-0.12569929
51.50890784,-0.14944632
51.51058229,-0.12693906
51.50982742,-0.12845702
51.50967571,-0.14787991
51.50945350,-0.12994691
51.51002548,-0.12951843
51.50989992,-0.13039224
51.50993806,-0.13010222
51.51124488,-0.13819177
51.50876468,-0.14968780
51.51217762,-0.14167990
51.51372341,-0.13730806
51.50885302,-0.14083961
51.50772582,-0.14432866
51.50836687,-0.14218289
51.50948996,-0.14149063
51.50970722,-0.14090943
51.50206091,-0.14668238
51.50151592,-0.14534337
51.50175104,-0.14637343
51.50184718,-0.14609867
51.50172958,-0.14285428
51.50117931,-0.14472538
51.50110990,-0.14421039
51.51187679,-0.15055558
51.51129073,-0.15029071
51.51169356,-0.15059371
51.50462703,-0.12321859
51.51148762,-0.15078281
51.50018178,-0.12621151
51.51175283,-0.15089672
51.51161092,-0.15086696
51.51147731,-0.15035517
51.51161779,-0.15056832
51.50748166,-0.15176257
51.51025280,-0.14204979
51.50201691,-0.12774113
51.50521159,-0.15041099
51.50966330,-0.13496926
51.50821792,-0.12880722
51.50638673,-0.12874050
51.51003311,-0.13360309
51.50740739,-0.12823130
51.50668546,-0.12851369
51.51327389,-0.13719994
51.50560948,-0.15073109
51.50499257,-0.15090183
51.50514068,-0.15030471
51.50635806,-0.15032373
51.50639821,-0.14987388
51.50592707,-0.14976357
51.49910604,-0.14313910
51.49867052,-0.13380879
51.49968431,-0.13276239
51.50086079,-0.12753887
51.50743807,-0.12900352
51.50691596,-0.12825494
51.50755793,-0.12867479
51.50747696,-0.12823893
51.50969079,-0.14095218
51.51176473,-0.14675824
51.50333488,-0.12917368
51.50945928,-0.12422919
51.50528359,-0.12930418
51.50566496,-0.14472923
51.50474111,-0.14234701
51.51320256,-0.13222033
51.50583109,-0.14272554
51.50358910,-0.13597249
51.50614927,-0.13827123
51.51099560,-0.14980649
51.50889854,-0.13521334
51.50932761,-0.13585238
51.50998659,-0.14118687
51.50980244,-0.14149658
51.49966252,-0.12883857
51.50755207,-0.12993819
51.50745459,-0.13007909
51.50030993,-0.14712956
51.50669351,-0.12363408
51.50201364,-0.15149117
51.50263709,-0.12963477
51.51238993,-0.12631687
51.51265874,-0.12643020
51.51264868,-0.12638477
51.51232179,-0.12592820
51.51251826,-0.12551984
51.51319803,-0.12640363
51.51278782,-0.12700536
51.50527780,-0.14154612
51.50835597,-0.13867088
51.50640928,-0.12733301
51.50637189,-0.12749612
51.50630777,-0.12746184
51.50489467,-0.14170412
51.50632378,-0.12740166
51.50312433,-0.14160220
51.51343021,-0.12962127
51.50639771,-0.13173183
51.50159983,-0.13912266
51.50648539,-0.15186860
51.50957219,-0.13477991
51.50514009,-0.13374223
51.51309368,-0.12762261
51.50968249,-0.14597009
51.50984091,-0.14541420
51.49924007,-0.12877151
51.50885554,-0.14419237
51.50562532,-0.15131867
51.50385540,-0.15124993
51.50822228,-0.12533351
51.50846804,-0.12495582
51.50840107,-0.12564414
51.50559087,-0.15191730
51.50569212,-0.13188824
51.50863777,-0.12519957
51.51312000,-0.13450281
51.51151620,-0.12327324
51.50147460,-0.12756896
51.51246814,-0.12434470
51.51225708,-0.12474233
51.51156063,-0.13712903
51.51149751,-0.13729130
51.51143071,-0.13699668
51.50481487,-0.13932123
51.51158267,-0.13737738
51.49819292,-0.14407377
51.49923672,-0.14316081
51.50037012,-0.14099266
51.50233148,-0.14974848
51.50325031,-0.15008116
51.50817266,-0.13942097
51.50590804,-0.14662329
51.50647566,-0.14675723
51.51311773,-0.13558340
51.50071227,-0.13946548
51.50194793,-0.13987502
51.50171793,-0.13986748
51.50145356,-0.14004559
51.50044924,-0.13907388
51.51196153,-0.12685600
51.50132951,-0.13000810
51.50920238,-0.15045893
51.50708058,-0.12744441
51.50958560,-0.14922311
51.50881379,-0.13065090
51.50860550,-0.13047933
51.50998584,-0.13041730
51.50919391,-0.14481012
51.50977729,-0.14556474
51.51107272,-0.13409746
51.50820141,-0.12903437
51.50288846,-0.14247534
51.50237289,-0.15061283
51.50122968,-0.12754784
51.50307563,-0.15194303
51.50202739,-0.12726998
51.50115869,-0.12670060
51.50642193,-0.14708832
51.50921219,-0.14464198
51.50737831,-0.12794112
51.51077181,-0.14664609
51.51044014,-0.14625952
51.51034760,-0.14606698
51.51045321,-0.14612809
51.50210509,-0.14297172
51.50070916,-0.14091178
51.50087270,-0.12407086
51.50910909,-0.14968243
51.51312930,-0.14156288
51.50589882,-0.14450963
51.51347656,-0.14655674
51.51306149,-0.14614728
51.50958459,-0.13468377
51.50974754,-0.13471127
51.51353700,-0.12828461
51.51175777,-0.12735204
51.50007130,-0.14121034
51.50989280,-0.13490606
51.51002448,-0.13472602
51.50828079,-0.13061880
51.50880483,-0.13105131
51.50802757,-0.13137602
51.51001702,-0.13513103
51.50208673,-0.14243527
51.50379312,-0.14882253
51.50443626,-0.14727557
51.50301670,-0.14978394
51.50724420,-0.12737509
51.50497237,-0.14174569
51.50739038,-0.12801597
51.50469660,-0.14983599
51.51180010,-0.13498066
51.51043963,-0.14956442
51.51336299,-0.13652880
51.51184067,-0.13871748
51.50745358,-0.13178523
51.50968501,-0.14918882
51.50807334,-0.13151047
51.50767796,-0.13113278
51.50100940,-0.13329959
51.50515979,-0.13369471
51.50053641,-0.13854397
51.50115952,-0.14029051
51.50288259,-0.12996837
51.50059693,-0.14976642
51.49990408,-0.14885212
51.51202524,-0.13346546
51.51229631,-0.13298350
51.51336651,-0.13232762
51.50550797,-0.12758757
51.50045662,-0.14876252
51.50534226,-0.12750182
51.50557209,-0.12720988
51.50555072,-0.12734726
51.50046634,-0.13889023
51.50107202,-0.14002346
51.50092181,-0.14042890
51.51106149,-0.14994940
51.50374492,-0.12901241
51.51105386,-0.15027252
51.51122108,-0.15008829
51.51141361,-0.14998921
51.50776078,-0.13036340
51.51262018,-0.13464304
51.51183639,-0.13492316
51.51298446,-0.14651064
51.50772197,-0.13088400
51.50931017,-0.12388344
51.50760160,-0.13119522
51.50823058,-0.12908667
51.50843468,-0.12823700
51.51062504,-0.12331992
51.50184089,-0.15112756
51.50811567,-0.12618000
51.50349137,-0.12717493
51.51381117,-0.13897497
51.50708771,-0.12528171
51.50337453,-0.12833892
51.51087809,-0.14385190
51.50353814,-0.12711584
51.50708377,-0.13266407
51.51016739,-0.13450666
51.50680909,-0.12867127
51.51231944,-0.12604220
51.50691487,-0.12364447
51.50717631,-0.15074618
51.50117998,-0.14022580
51.50596227,-0.14934867
51.50609487,-0.14942628
51.51037333,-0.14630679
51.49929673,-0.12961431
51.50962323,-0.14576121
51.50392782,-0.13584861
51.50528032,-0.13379646
51.51127958,-0.14429647
51.49844010,-0.14370077
51.50333480,-0.15112840
51.50075082,-0.12594371
51.50029669,-0.12595444
51.50077094,-0.12466690
51.49994264,-0.14705454
51.51315788,-0.14195591
51.50551610,-0.15153098
51.50741980,-0.12885592
51.50012151,-0.14154880
51.51163699,-0.14454240
51.51106878,-0.12575168
51.51212331,-0.13364199
51.50529599,-0.13728040
51.51156666,-0.14488069
51.50837601,-0.15120643
51.50993378,-0.13462946
51.50511712,-0.13379772
51.50951100,-0.15176467
51.51076108,-0.12529252
51.51074172,-0.12486303
51.51256587,-0.12714040
51.51104950,-0.12547818
51.51038917,-0.12489849
51.51125100,-0.14116944
51.51099460,-0.14276577
51.51163020,-0.14007082
51.50061462,-0.13955768
51.50036274,-0.13968710
51.50304562,-0.14946727
51.50438446,-0.13858471
51.50434440,-0.13853098
51.50355809,-0.12679934
51.50143319,-0.12653707
51.51167110,-0.12842400
51.50260733,-0.14887869
51.51232397,-0.12947098
51.50906609,-0.15041510
51.50244120,-0.14256620
51.50209662,-0.12805838
51.50208598,-0.12821143
51.50172086,-0.12676061
51.50918486,-0.15030001
51.50647709,-0.14283442
51.50926130,-0.14896930
51.49805663,-0.13609151
51.50889233,-0.14547539
51.50951033,-0.14619699
51.51006597,-0.14671591
51.51015976,-0.14647334
51.51026370,-0.14620512
51.50893667,-0.13059944
51.50112080,-0.13992070
51.50220902,-0.14184519
51.50935518,-0.12396449
51.50885118,-0.13053942
51.50968710,-0.13495367
51.51343960,-0.14987941
51.50954914,-0.12842760
51.51095680,-0.15159468
51.51099233,-0.15186106
51.50598649,-0.13670976
51.50965098,-0.14423336
51.51271649,-0.14259453
51.50978693,-0.14398903
51.50624633,-0.13158171
51.50405690,-0.12913981
51.50521393,-0.12939228
51.50380477,-0.12887193
51.50542952,-0.12772327
51.50585683,-0.13075509
51.50534394,-0.12977064
51.50396034,-0.12725120
51.51160480,-0.13699718
51.51036126,-0.14644249
51.50802346,-0.12413314
51.50792841,-0.12394798
51.51260510,-0.12626440
51.50176009,-0.12421251
51.50992373,-0.14813740
51.50729181,-0.14983180
51.50738049,-0.14986348
51.50651388,-0.14926133
51.50796806,-0.14577580
51.50590963,-0.15053806
51.50571677,-0.15040143
51.51192750,-0.12537139
51.51282353,-0.12480402
51.51356759,-0.12575126
51.51139089,-0.12559553
51.50992280,-0.13465494
51.50791676,-0.13032242
51.50999439,-0.13387458
51.51251684,-0.12536678
51.50786790,-0.12576434
51.50553303,-0.13103941
51.51116584,-0.14004467
51.50672804,-0.12883890
51.50679334,-0.12867219
51.50757411,-0.14511187
51.50814718,-0.14484960
51.51198760,-0.13706532
51.51172047,-0.13778407
51.51376088,-0.14247484
51.51157362,-0.13663609
51.50737856,-0.14856664
51.51239488,-0.13747302
51.50695938,-0.14622021
51.50664942,-0.12837966
51.50663073,-0.14827687
51.51114983,-0.13616133
51.50491328,-0.12659490
51.50855798,-0.13376160
51.50620359,-0.13167609
51.50782599,-0.12718909
51.50028068,-0.12495364
51.50594601,-0.12988790
51.50544921,-0.12971624
51.50492308,-0.14654794
51.49956973,-0.14725696
51.50606386,-0.14077817
51.49892441,-0.15069480
51.50685218,-0.12868862
51.50519281,-0.12951021
51.50184810,-0.12789971
51.50981619,-0.13245083
51.50665889,-0.12838888
51.51018499,-0.13281226
51.51119727,-0.12510250
51.50995038,-0.12546284
51.51073199,-0.12447570
51.51078681,-0.15181739
51.50796982,-0.13998080
51.50590217,-0.12552814
51.50643459,-0.12349972
51.51245213,-0.12654578
51.50882553,-0.13988030
51.51324413,-0.13839888
51.51227309,-0.12604413
51.50928737,-0.13440046
51.50862520,-0.13775046
51.50721168,-0.14571268
51.50186344,-0.12372946
51.50878287,-0.14557044
51.50564443,-0.13851330
51.50113538,-0.12366090
51.50135784,-0.12374329
51.50688110,-0.12867948
51.49970971,-0.12888148
51.50997779,-0.13479861
51.51308857,-0.15085959
51.50043684,-0.14738713
51.50837802,-0.12743711
51.51204854,-0.13974736
51.50652579,-0.14642556
51.51212683,-0.12696907
51.50524696,-0.13391113
51.50283448,-0.15016289
51.51052429,-0.14960130
51.50260473,-0.14946291
51.51123373,-0.12521172
51.51040912,-0.12497476
51.51271037,-0.12780483
51.50247967,-0.12401721
51.50047087,-0.14171753
51.50039744,-0.14179791
51.50042737,-0.14179791
51.50491981,-0.13328349
51.50097697,-0.12667151
51.50534721,-0.14075068
51.50368684,-0.14161762
51.50115760,-0.14011893
51.50044899,-0.14069787
51.50111904,-0.14033142
51.50341216,-0.14842121
51.50445386,-0.13840768
51.51072956,-0.12843624
51.50024506,-0.14052730
51.50032804,-0.14070081
51.50457808,-0.13809110
51.50533329,-0.15177841
51.50339674,-0.14724573
51.50352113,-0.14393563
51.50444179,-0.14546039
51.50361199,-0.14259662
51.50159220,-0.14253770
51.50138433,-0.13931402
51.51333483,-0.13761836
51.51027199,-0.14771017
51.51008642,-0.14891868
51.50481772,-0.12645853
51.51154571,-0.15050604
51.50160888,-0.12961968
51.50494068,-0.12639097
51.51004308,-0.12953737
51.51218181,-0.15035818
51.50744201,-0.12784883
51.50724001,-0.12793332
51.50748040,-0.12764373
51.50755332,-0.12724173
51.50745702,-0.12747743
51.50720078,-0.12787431
51.50737437,-0.12738749
51.50736691,-0.12795746
51.50211582,-0.12930318
51.50113103,-0.12656548
51.51175274,-0.15029222
51.50999824,-0.12844998
51.50258462,-0.14939737
51.50438019,-0.12571539
51.50030600,-0.14667258
51.49995387,-0.14616841
51.50626947,-0.12817724
51.50711763,-0.14951882
51.51017510,-0.14822641
51.51271867,-0.13656802
51.50643141,-0.12787582
51.50605640,-0.13015687
51.50824450,-0.12928843
51.50196377,-0.12545731
51.50093497,-0.12551799
51.50535056,-0.13757779
51.50802112,-0.12396290
51.50797443,-0.12387699
51.50629654,-0.15086202
51.50622580,-0.14223520
51.50629621,-0.14318218
51.51148787,-0.14483292
51.50552180,-0.14898187
51.50181734,-0.12426574
51.50184927,-0.12531398
51.50673081,-0.14736492
51.50667741,-0.14782626
51.50615363,-0.14699092
51.50639763,-0.14724959
51.50607124,-0.14765577
51.50612480,-0.14718153
51.50558936,-0.14872723
51.51109401,-0.12573157
51.50798038,-0.12419650
51.50834307,-0.12514777
51.50754402,-0.14682664
51.51158812,-0.14477927
51.50471974,-0.12747718
51.51156406,-0.12631293
51.50663768,-0.12661887
51.50699174,-0.12867487
51.51293241,-0.14673200
51.51161268,-0.12599484
51.51164872,-0.12559989
51.51227753,-0.12960744
51.50656032,-0.15191127
51.51241491,-0.14048330
51.50702233,-0.12909480
51.50674891,-0.12891836
51.50375967,-0.14889646
51.50815028,-0.12887998
51.50646669,-0.12799711
51.50657273,-0.12865853
51.50681756,-0.12916588
51.50820057,-0.14335820
51.50662427,-0.12867847
51.51004216,-0.13462510
51.50404399,-0.13596344
51.50975810,-0.14913241
51.50962458,-0.14909813
51.50876610,-0.13026961
51.50932543,-0.15005811
51.50896509,-0.14993330
51.50881262,-0.15070469
51.50941092,-0.15098641
51.50200601,-0.12486169
51.50856376,-0.12583642
51.50977503,-0.15035843
51.50602078,-0.12975052
51.50416787,-0.13894957
51.50537973,-0.12951876
51.50640593,-0.12822736
51.50141961,-0.12781656
51.50173637,-0.12748841
51.50165640,-0.12745212
51.50164408,-0.12815318
51.51528353,-0.13011538
51.50966397,-0.13444841
51.50997452,-0.13535500
51.50995113,-0.13349622
51.50998106,-0.13535634
51.50205832,-0.14174871
51.51042329,-0.13147233
51.50616796,-0.14686578
51.50978291,-0.13098610
51.50658890,-0.14600873
51.51283728,-0.15075138
51.51263636,-0.15191403
51.50189126,-0.14169498
51.49961650,-0.14953818
51.49882843,-0.14864769
51.50652084,-0.13718527
51.50252737,-0.15177447
51.50180468,-0.15149443
51.50247439,-0.14989450
51.51031592,-0.14240527
51.50862252,-0.13861002
51.50910859,-0.13909073
51.50902309,-0.13930530
51.50864917,-0.13890188
51.50206728,-0.15141154
51.50833401,-0.13939113
51.50958191,-0.13485141
51.50849428,-0.13927949
51.50888429,-0.13967427
51.50933364,-0.13455343
51.51275111,-0.12681149
51.51260568,-0.12680780
51.51269612,-0.12642911
51.51021324,-0.13443064
51.51412239,-0.15134767
51.50761770,-0.14265614
51.50742340,-0.13295031
51.50756238,-0.13290203
51.50637516,-0.13761652
51.51014928,-0.12550668
51.51115813,-0.12537760
51.51031022,-0.12366953
51.51046260,-0.12507870
51.50856661,-0.13818372
51.51298890,-0.13366219
51.51118688,-0.12540752
51.50582992,-0.14442723
51.50664808,-0.14221617
51.50426133,-0.13981643
51.51329694,-0.13389990
51.50416527,-0.14007233
51.50286876,-0.14947867
51.50189696,-0.12397991
51.51064474,-0.12526394
51.50365473,-0.14209019
51.50045083,-0.14162089
51.51101689,-0.13502710
51.50996253,-0.12542504
51.50456694,-0.12978983
51.51044148,-0.12569041
51.51179658,-0.14022262
51.50089080,-0.12631319
51.50077371,-0.12616063
51.50972709,-0.14586071
51.50773261,-0.12460579
51.50786019,-0.12441158
51.50794836,-0.12425970
51.50463944,-0.15109110
51.50681873,-0.12840531
51.50659502,-0.12889917
51.50826637,-0.12499320
51.50579304,-0.13127821
51.50378247,-0.13613032
51.51259512,-0.14318638
51.51331354,-0.15096931
51.50168792,-0.12649608
51.50122071,-0.12657118
51.50190199,-0.12646171
51.51265287,-0.14837394
51.50898638,-0.13042032
51.51003780,-0.13008420
51.51022288,-0.14946333
51.51059713,-0.13079138
51.50691068,-0.12744927
51.50704446,-0.12763157
51.50712719,-0.12772612
51.50719072,-0.12745740
51.50821566,-0.12815117
51.50238680,-0.15102052
51.50248764,-0.15060260
51.50694413,-0.12812560
51.50699408,-0.12820523
51.50730597,-0.12739688
51.50706231,-0.12753912
51.51316417,-0.13765641
51.50176470,-0.12808847
51.50740941,-0.12742546
51.51314917,-0.13757444
51.50193711,-0.12643590
51.51323458,-0.13784308
51.51321413,-0.13769682
51.50728426,-0.12796693
51.50720573,-0.12760232
51.49990727,-0.14398123
51.50001757,-0.14513274
51.49953402,-0.14396070
51.49955104,-0.14416513
51.50444842,-0.14826447
51.50428748,-0.14852288
51.50433819,-0.14853001
51.50596956,-0.14926393
51.50495871,-0.14648683
51.50556799,-0.14531362
51.50625824,-0.14628248
51.50603628,-0.14578778
51.50182019,-0.12427722
51.50199587,-0.12644663
51.51321061,-0.14537908
51.51255849,-0.13338282
51.51234702,-0.13385648
51.50413141,-0.15117969
51.50555600,-0.15094492
51.50472376,-0.15195116
51.50571450,-0.14430067
51.51093484,-0.12840992
51.51122627,-0.14990296
51.51108319,-0.15013212
51.50159589,-0.12424034
51.50162489,-0.12532261
51.51286058,-0.14575283
51.50403259,-0.12560517
51.50796982,-0.12542747
51.50696391,-0.12867487
51.50447457,-0.13983387
51.50662109,-0.12324172
51.50437113,-0.12567130
51.51276033,-0.13524603
51.50254983,-0.12316570
51.51063627,-0.14738940
51.50128358,-0.12325153
51.51258163,-0.13699433
51.50310773,-0.13990654
51.50998357,-0.13501301
51.51371411,-0.12334113
51.50113698,-0.12376014
51.51068640,-0.12574707
51.50498192,-0.15116620
51.50603276,-0.15064417
51.50466693,-0.15108481
51.51210160,-0.14507968
51.50294210,-0.14280869
51.50513657,-0.15086160
51.51025146,-0.13502064
51.49991238,-0.14327288
51.50499852,-0.15040001
51.50438664,-0.14749861
51.51380723,-0.13825069
51.50959583,-0.12586978
51.50944420,-0.12586207
51.51080433,-0.12470059
51.51000780,-0.13505861
51.50999824,-0.13436191
51.50984100,-0.13471931
51.50996949,-0.13534561
51.50964033,-0.12688433
51.51004560,-0.13494353
51.51035397,-0.12566359
51.50943456,-0.12689288
51.51087390,-0.12986099
51.50809899,-0.12979209
51.51242028,-0.13315097
51.51177051,-0.13245637
51.51217544,-0.13371047
51.51278967,-0.13420190
51.50664062,-0.12334239
51.51192189,-0.15020806
51.50421330,-0.15108682
51.50406561,-0.15159024
51.50575683,-0.15126628
51.50638522,-0.15195561
51.51205499,-0.13384718
51.50301687,-0.12977466
51.50221120,-0.15167297
51.50492644,-0.14003922
51.51462782,-0.14687357
51.50978350,-0.14870603
51.51244433,-0.12678023
51.51007460,-0.14883108
